<?xml version="1.0" encoding="UTF-8"?>
<module>
  <meta>
    <versionid>20220203084840</versionid>
    <priority>0</priority>
    <server>https://staging.oppia-mobile.org/</server>
    <sequencing>none</sequencing>
    <tags>reference-course</tags>
    <exportversion>2022020201</exportversion>
    <title lang="en"><![CDATA[Reference Course]]></title>
    <shortname>ref-course</shortname>
    <description lang="en"><![CDATA[]]></description>
    <langs>
      <lang>EN_US</lang>
      <lang>es</lang>
      <lang>en</lang>
    </langs>
  </meta>
  <structure>
    <section order="1">
      <title lang="en"><![CDATA[Topic without password]]></title>
      <activities>
        <activity type="page" order="1" digest="16da6f6a8a957fa7e04add194e15d8b4">
          <title lang="en"><![CDATA[Page in not password protected section]]></title>
          <location lang="en">07_34_en.html</location>
        </activity>
      </activities>
    </section>
    <section order="2" password="password">
      <title lang="en"><![CDATA[Topic with password 1 (initial: with password, update: new password)]]></title>
      <activities>
        <activity type="page" order="1" digest="16da6f6a8a957fa7e04add194e15d8b2">
          <title lang="en"><![CDATA[Page in password protected topic 1]]></title>
          <location lang="en">07_34_en.html</location>
        </activity>
        <activity type="quiz" order="2" digest="adc1c509b957cf2398dec407360ce5e8">
          <title lang="en"><![CDATA[Quiz in password protected topic]]></title>
          <content lang="en"><![CDATA[{"id":21,"title":{"en":"Quiz in password protected topic"},"description":{"en":""},"props":{"courseversion":"20220203084840","showfeedback":2,"passthreshold":0,"maxattempts":"unlimited","maxscore":4,"digest":"adc1c509b957cf2398dec407360ce5e8"},"questions":[{"order":1,"id":796,"question":{"id":552,"type":"matching","title":{"es":"Quien come que?","en":"Who eats what?"},"props":{"maxscore":1,"correctfeedback":{"en":"Your answer is correct."},"partiallycorrectfeedback":{"en":"Your answer is partially correct."},"incorrectfeedback":{"en":"Your answer is incorrect."}},"responses":[{"order":1,"id":779,"props":{},"title":{"es":"gato|raton","en":"cat|Mice"},"score":"0.3333"},{"order":2,"id":900,"props":{},"title":{"es":"Perro|gato","en":"Dog|cat"},"score":"0.3333"},{"order":3,"id":266,"props":{},"title":{"es":"Raton|queso","en":"Mice|cheese"},"score":"0.3333"}]}},{"order":2,"id":182,"question":{"id":844,"type":"multichoice","title":{"en":"<p>A multiple choice question\n<\/p>"},"props":{"maxscore":1,"shuffleanswers":"1"},"responses":[{"order":1,"id":882,"props":{"id":447},"title":{"en":"<p>Dog<br><\/p>"},"score":"0.0000"},{"order":2,"id":253,"props":{"id":84},"title":{"en":"<p>Cat<br><\/p>"},"score":"1.0000"},{"order":3,"id":620,"props":{"id":344},"title":{"en":"<p>Mouse<br><\/p>"},"score":"0.0000"},{"order":4,"id":301,"props":{"id":409},"title":{"en":"<p>Flea<br><\/p>"},"score":"0.0000"}]}},{"order":3,"id":429,"question":{"id":196,"type":"numerical","title":{"es":"2 por 2 iguals ?","en":"2 * 2 ="},"props":{"maxscore":1},"responses":[{"order":1,"id":20,"props":{"id":844,"feedback":{"es":"Verdad","en":"Correct"},"tolerance":"0"},"title":{"en":"4"},"score":"1.0000"},{"order":2,"id":570,"props":{"id":664,"feedback":{"es":"Casi","en":"Almost"},"tolerance":"1"},"title":{"en":"4"},"score":"0.5000"}]}},{"order":4,"id":461,"question":{"id":823,"type":"multichoice","title":{"en":"<p dir=\"ltr\" style=\"text-align: left;\">Is it snowing today?\n<\/p>"},"props":{"maxscore":1},"responses":[{"order":1,"id":491,"props":{"id":666,"feedback":{"en":"<p dir=\"ltr\" style=\"text-align: left;\">Yes, of course it is snowing<\/p>"}},"title":{"en":"True"},"score":"1.0000"},{"order":2,"id":533,"props":{"id":452,"feedback":{"en":"<p dir=\"ltr\" style=\"text-align: left;\">It's winter, why would it not be snowing?<\/p>"}},"title":{"en":"False"},"score":"0.0000"}]}}]}]]></content>
        </activity>
      </activities>
    </section>
    <section order="3" password="password">
      <title lang="en"><![CDATA[Topic with password 2 (initial: with password, update: password unchanged)]]></title>
      <activities>
        <activity type="page" order="1" digest="17e32dddf137b99aee711b3708de53aa">
          <title lang="en"><![CDATA[Page in password protected topic 2]]></title>
          <location lang="en">08_36_en.html</location>
        </activity>
      </activities>
    </section>
    <section order="4">
      <title lang="en"><![CDATA[Topic with password 3 (initial: no password, update: with password)]]></title>
      <activities>
        <activity type="page" order="1" digest="9a3326275554c76a64c1e90786242796">
          <title lang="en"><![CDATA[Page in password protected topic 3]]></title>
          <location lang="en">09_37_en.html</location>
        </activity>
      </activities>
    </section>
    <section order="5" password="password">
      <title lang="en"><![CDATA[Topic with password 4 (initial: with password, update: no password)]]></title>
      <activities>
        <activity type="page" order="1" digest="d38211a3c7ee336b34ae5c58ddb4bee0">
          <title lang="en"><![CDATA[Page in password protected topic 4]]></title>
          <location lang="en">10_38_en.html</location>
        </activity>
      </activities>
    </section>
  </structure>
</module>
