<?xml version="1.0"  
<module><meta><versionid>20160704171235</versionid><priority>0</priority><server>http://localhost:8000/</server><sequencing>none</sequencing><tags/><title lang="en">Urban Sanitation and Solid Waste Management copy 1</title><shortname>wash_usswm_1</shortname><description lang="en"></description><langs><lang>en</lang></langs></meta><structure><section order="1"><title lang="en"><![CDATA[Introduction to Urban Sanitation and Solid Waste Management ]]></title><activities><activity type="page" order="1" digest="4932432bd7bef490779956be1cedbaa71720"><title lang="en">Introduction to Urban Sanitation and Solid Waste Management</title><location lang="en">01_1720_en.html</location></activity><activity type="page" order="2" digest="d83715d53b3b82369fbad56ec8ac639a1721"><title lang="en">Learning Outcomes for this Module</title><location lang="en">01_1721_en.html</location></activity><activity type="page" order="3" digest="72d8509226705382fc64224e48cc65771722"><title lang="en">How to use this Module</title><location lang="en">01_1722_en.html</location></activity></activities></section><section order="2"><title lang="en"><![CDATA[Introduction to Sanitation and Waste Management ]]></title><activities><activity type="page" order="1" digest="c086134239b1e6d028429d2d1afdd6941723"><title lang="en">Introduction</title><location lang="en">02_1723_en.html</location></activity><activity type="page" order="2" digest="e68ce59811fe986d8cae70ecb9c656ad1724"><title lang="en">Learning Outcomes for Study Session 1</title><location lang="en">02_1724_en.html</location></activity><activity type="page" order="3" digest="4cd8d32b3c1e31dfd58b07c98ee150da1725"><title lang="en">What are sanitation and waste management?</title><image filename="/images/1725.png"/><location lang="en">02_1725_en.html</location></activity><activity type="page" order="4" digest="791837962ba5708ed3e10ecca4ce2c001726"><title lang="en">Types of liquid and solid waste</title><location lang="en">02_1726_en.html</location></activity><activity type="page" order="5" digest="78a7b2c4bc7b8a56eb1d55f3d8854fc31727"><title lang="en">The sanitation ladder and waste hierarchy</title><image filename="/images/1727.png"/><location lang="en">02_1727_en.html</location></activity><activity type="page" order="6" digest="9bc53a10a6a5d8e22f5fac5a32698b681728"><title lang="en">Sanitation and waste management in urban areas</title><image filename="/images/1728.png"/><location lang="en">02_1728_en.html</location></activity><activity type="page" order="7" digest="51ccf7e473e83dc4b0a0e20949809bcc1729"><title lang="en">The present state of sanitation in Ethiopia</title><image filename="/images/1729.png"/><location lang="en">02_1729_en.html</location></activity><activity type="page" order="8" digest="b53df641b1d790d1c2087d6323a827781730"><title lang="en">Policies, strategies and programmes</title><location lang="en">02_1730_en.html</location></activity><activity type="page" order="9" digest="a880ef738c477013b2d7ad6f07c7ced91731"><title lang="en">Summary of Study Session 1</title><location lang="en">02_1731_en.html</location></activity><activity type="page" order="10" digest="4a3f88a2fca2204f9ce8e3dab40acec21732"><title lang="en">Self-Assessment Questions (SAQs) for Study Session 1</title><location lang="en">02_1732_en.html</location></activity></activities></section><section order="3"><title lang="en"><![CDATA[The Effects of Poor Sanitation and Waste Management ]]></title><activities><activity type="page" order="1" digest="5f0d011366bba2fa8879afa8e51ce4b31733"><title lang="en">Introduction</title><location lang="en">03_1733_en.html</location></activity><activity type="page" order="2" digest="8a0b5e82e3e5c25bf96d44e7d3b8faff1734"><title lang="en">Learning Outcomes for Study Session 2</title><location lang="en">03_1734_en.html</location></activity><activity type="page" order="3" digest="e235198009d12d54294d4f62e96149b41735"><title lang="en">Health effects of poor sanitation and waste management</title><image filename="/images/1735.png"/><location lang="en">03_1735_en.html</location></activity><activity type="page" order="4" digest="6afccac1b7b2a77da88eb9f533802d701736"><title lang="en">Routes for disease transmission </title><image filename="/images/1736.png"/><location lang="en">03_1736_en.html</location></activity><activity type="page" order="5" digest="0ddaf29553a2f912573858786a51ac991737"><title lang="en">Safeguarding health with good hygiene </title><location lang="en">03_1737_en.html</location></activity><activity type="page" order="6" digest="114b4bed7d54c4cb663ae2f6dbf4b1191738"><title lang="en">Impacts on children and education</title><location lang="en">03_1738_en.html</location></activity><activity type="page" order="7" digest="e4c3bde4f7cbd8d93400ae1360ec72cc1739"><title lang="en">Impacts on the economy</title><location lang="en">03_1739_en.html</location></activity><activity type="page" order="8" digest="98fa8c9c25c44d3eceaa9b52a7b32d141740"><title lang="en">Impacts on the environment </title><image filename="/images/1740.png"/><location lang="en">03_1740_en.html</location></activity><activity type="page" order="9" digest="77f61ea3a4e0e760eacaaeb8b4b823391741"><title lang="en">Summary of Study Session 2</title><location lang="en">03_1741_en.html</location></activity><activity type="page" order="10" digest="bb1f3eb8729f70f1c9c6b1fd53275a871742"><title lang="en">Self-Assessment Questions (SAQs) for Study Session 2</title><location lang="en">03_1742_en.html</location></activity></activities></section><section order="4"><title lang="en"><![CDATA[Liquid Wastes: Sources, Types and Characteristics ]]></title><activities><activity type="page" order="1" digest="938bbf1c4f351bc44733c20521a276991743"><title lang="en">Introduction</title><location lang="en">04_1743_en.html</location></activity><activity type="page" order="2" digest="18f916d41f22e2577915ba438d0048261744"><title lang="en">Learning Outcomes for Study Session 4</title><location lang="en">04_1744_en.html</location></activity><activity type="page" order="3" digest="10afcfb5bb6700158eeceffdb84547301745"><title lang="en">Sources of liquid waste</title><image filename="/images/1745.png"/><location lang="en">04_1745_en.html</location></activity><activity type="page" order="4" digest="74987f97f5a38c5d2090e76414ed1d0c1746"><title lang="en">Characteristics of liquid wastes</title><location lang="en">04_1746_en.html</location></activity><activity type="page" order="5" digest="43554b70cf980c9835c8682ab5e9ddc31747"><title lang="en">Industrial wastewaters in Ethiopia</title><image filename="/images/1747.png"/><location lang="en">04_1747_en.html</location></activity><activity type="page" order="6" digest="0a054a2224a03bfc6a851572272dd37d1748"><title lang="en">Summary of Study Session 4</title><location lang="en">04_1748_en.html</location></activity><activity type="page" order="7" digest="23b157faafca1b1b5a4690e70e16beb01749"><title lang="en">Self-Assessment Questions (SAQs) for Study Session 4</title><location lang="en">04_1749_en.html</location></activity></activities></section><section order="5"><title lang="en"><![CDATA[Latrine Technology Options for Urban Areas ]]></title><activities><activity type="page" order="1" digest="4f843b5b9613dec92401aa9ca15f0b161750"><title lang="en">Introduction </title><location lang="en">05_1750_en.html</location></activity><activity type="page" order="2" digest="8c478d76920bcb1cbecf96d4ca450f771751"><title lang="en">Learning Outcomes for Study Session 5</title><location lang="en">05_1751_en.html</location></activity><activity type="page" order="3" digest="2d3e75b6c1683f6559b93f18cac4d77e1752"><title lang="en">Trends in latrine use in Ethiopia</title><image filename="/images/1752.png"/><location lang="en">05_1752_en.html</location></activity><activity type="page" order="4" digest="54350e36c3e02dd5622c1005fee575b01753"><title lang="en">Unimproved latrines </title><image filename="/images/1753.png"/><location lang="en">05_1753_en.html</location></activity><activity type="page" order="5" digest="ade131a7d4fefa360529a8a6d92bdef21754"><title lang="en">Shared latrines</title><image filename="/images/1754.png"/><location lang="en">05_1754_en.html</location></activity><activity type="page" order="6" digest="031feab32aec5c69805f2ad98a95cfc11755"><title lang="en">Improved latrines </title><image filename="/images/1755.png"/><location lang="en">05_1755_en.html</location></activity><activity type="page" order="7" digest="fd537acd8f85ce7f1aba1e8768c1444a1756"><title lang="en">Ecological sanitation </title><image filename="/images/1756.png"/><location lang="en">05_1756_en.html</location></activity><activity type="page" order="8" digest="9521ee10b566d3e2c4f4c78fc0727db91757"><title lang="en">Water-flushed systems</title><image filename="/images/1757.png"/><location lang="en">05_1757_en.html</location></activity><activity type="page" order="9" digest="c7750e0043a3b3986202a324602b83e51758"><title lang="en">Choice of latrine technology</title><image filename="/images/1758.png"/><location lang="en">05_1758_en.html</location></activity><activity type="page" order="10" digest="ead08ec6a81a0b4a2b650f7fe41fd4c21759"><title lang="en">Summary of Study Session 5</title><location lang="en">05_1759_en.html</location></activity><activity type="page" order="11" digest="4c02cd941df7d2b038b9661a0cc9c6df1760"><title lang="en">Self-Assessment Questions (SAQs) for Study Session 5</title><location lang="en">05_1760_en.html</location></activity></activities></section><section order="6"><title lang="en"><![CDATA[Liquid Waste Management and Treatment ]]></title><activities><activity type="page" order="1" digest="33588bf2a813bb0e4f6299837f3097fc1761"><title lang="en">Introduction</title><location lang="en">06_1761_en.html</location></activity><activity type="page" order="2" digest="d2838d8d29deddb44be77e0ae790fa5d1762"><title lang="en">Learning Outcomes for Study Session 6</title><location lang="en">06_1762_en.html</location></activity><activity type="page" order="3" digest="d7597649629edb9747aa5601811823771763"><title lang="en">Faecal sludge management</title><location lang="en">06_1763_en.html</location></activity><activity type="page" order="4" digest="b6690d4e38a0d665ed919053ce3bb29b1764"><title lang="en">Pit emptying</title><image filename="/images/1764.png"/><location lang="en">06_1764_en.html</location></activity><activity type="page" order="5" digest="5a698ecacd2079182a48ea349829c6b51765"><title lang="en">Septic tanks</title><image filename="/images/1765.png"/><location lang="en">06_1765_en.html</location></activity><activity type="page" order="6" digest="da8aedc0a8764a923246e204471a571e1766"><title lang="en">Wastewater treatment options</title><image filename="/images/1766.png"/><location lang="en">06_1766_en.html</location></activity><activity type="page" order="7" digest="3a5789abb455df68ec9167e997f587b81767"><title lang="en">Sullage management</title><image filename="/images/1767.png"/><location lang="en">06_1767_en.html</location></activity><activity type="page" order="8" digest="e8045f95d0ad5f5d71d6ac25b911f1c51768"><title lang="en">Stormwater management</title><image filename="/images/1768.png"/><location lang="en">06_1768_en.html</location></activity><activity type="page" order="9" digest="33666aa683fed42f1a446af164ceadda1769"><title lang="en">Summary of Study Session 6</title><location lang="en">06_1769_en.html</location></activity><activity type="page" order="10" digest="1a5b8f70cfa2d9cae26961901f78f9781770"><title lang="en">Self-Assessment Questions (SAQs) for Study Session 6</title><location lang="en">06_1770_en.html</location></activity></activities></section><section order="7"><title lang="en"><![CDATA[Solid Waste: Sources, Composition and On-site Storage  ]]></title><activities><activity type="page" order="1" digest="728a46c2677ade41f6e53e5be8c9a70a1771"><title lang="en">Introduction </title><location lang="en">07_1771_en.html</location></activity><activity type="page" order="2" digest="1d0e87136880e6ba0a52ff6ef404f4111772"><title lang="en">Learning Outcomes for Study Session 7</title><location lang="en">07_1772_en.html</location></activity><activity type="page" order="3" digest="9e71b9397d2144e89a583906fdb6ce3c1773"><title lang="en">Sources of solid waste in urban areas</title><image filename="/images/1773.png"/><location lang="en">07_1773_en.html</location></activity><activity type="page" order="4" digest="48f3ea6097128703bd16ac4099f9f8011774"><title lang="en">Classification of solid wastes </title><location lang="en">07_1774_en.html</location></activity><activity type="page" order="5" digest="702ff24d2d4825afcc233f54dd6fd06d1775"><title lang="en">Composition of residential solid waste</title><image filename="/images/1775.png"/><location lang="en">07_1775_en.html</location></activity><activity type="page" order="6" digest="3cbce3c75eca8b3a737b97d16a794b741776"><title lang="en">Quantities of residential waste </title><location lang="en">07_1776_en.html</location></activity><activity type="page" order="7" digest="2f3265be0a46919f0fbe3ee3cd159c9b1777"><title lang="en">Handling and on-site storage of solid wastes</title><image filename="/images/1777.png"/><location lang="en">07_1777_en.html</location></activity><activity type="page" order="8" digest="1dca9eb46e880ab4a7b47e188811c4ad1778"><title lang="en">Commercial and industrial solid wastes</title><location lang="en">07_1778_en.html</location></activity><activity type="page" order="9" digest="01ebba59a40f11ec905ad8f6d31446521779"><title lang="en">Healthcare wastes</title><location lang="en">07_1779_en.html</location></activity><activity type="page" order="10" digest="990fa3b1269111be97b24fa72495660b1780"><title lang="en">Summary of Study Session 7</title><location lang="en">07_1780_en.html</location></activity><activity type="page" order="11" digest="ebda085d718678f3842384df363d79ee1781"><title lang="en">Self-Assessment Questions (SAQs) for Study Session 7</title><location lang="en">07_1781_en.html</location></activity></activities></section><section order="8"><title lang="en"><![CDATA[Storage, Collection, Transfer and Transport of Solid Waste ]]></title><activities><activity type="page" order="1" digest="d3600770ee5156666106f4aca7cfd74a1782"><title lang="en">Introduction</title><image filename="/images/1782.png"/><location lang="en">08_1782_en.html</location></activity><activity type="page" order="2" digest="7f69c215a9b25a77d8e020b9ccd436b21783"><title lang="en">Learning Outcomes for Study Session 9</title><location lang="en">08_1783_en.html</location></activity><activity type="page" order="3" digest="5d4f4ff0b4ecab422b8edca0d6086dce1784"><title lang="en">Background </title><location lang="en">08_1784_en.html</location></activity><activity type="page" order="4" digest="27681ee55c387e2d00ea27e2e1b421f71785"><title lang="en">Waste storage containers</title><image filename="/images/1785.png"/><location lang="en">08_1785_en.html</location></activity><activity type="page" order="5" digest="85c40c7bd90713f48a7ff579038799101786"><title lang="en">Primary and secondary collection</title><image filename="/images/1786.png"/><location lang="en">08_1786_en.html</location></activity><activity type="page" order="6" digest="ccdc7f0ef265ee9ee34b7db36f4232431787"><title lang="en">Transfer stations</title><image filename="/images/1787.png"/><location lang="en">08_1787_en.html</location></activity><activity type="page" order="7" digest="5cd41589b5d76844bfd0f7f4e781de7d1788"><title lang="en">Planning the route for waste collection vehicles</title><location lang="en">08_1788_en.html</location></activity><activity type="page" order="8" digest="6badaff97a65a5cc525cb338cd69f5ef1789"><title lang="en">Involving the private sector</title><location lang="en">08_1789_en.html</location></activity><activity type="page" order="9" digest="8a3a8144d9608ff0692b95a6ea08af5f1790"><title lang="en">Summary of Study Session 9</title><location lang="en">08_1790_en.html</location></activity><activity type="page" order="10" digest="5af59c669143f6a1596e3dbb16ef5dba1791"><title lang="en">Self-Assessment Questions (SAQs) for Study Session 9</title><location lang="en">08_1791_en.html</location></activity></activities></section><section order="9"><title lang="en"><![CDATA[Disposal of Solid Wastes ]]></title><activities><activity type="page" order="1" digest="2a368a74121e3d2ea144be1367f433f71792"><title lang="en">Introduction</title><location lang="en">09_1792_en.html</location></activity><activity type="page" order="2" digest="e09831ca54de9285d38291b226b7a9611793"><title lang="en">Learning Outcomes for Study Session 10</title><location lang="en">09_1793_en.html</location></activity><activity type="page" order="3" digest="b0a8a3a0ee635cf521bd6b586b11c3831794"><title lang="en">Options for waste disposal</title><location lang="en">09_1794_en.html</location></activity><activity type="page" order="4" digest="9c127c280309948992e9932c767891df1795"><title lang="en">Landfills</title><image filename="/images/1795.png"/><location lang="en">09_1795_en.html</location></activity><activity type="page" order="5" digest="84d8846060b2d6101ca13d323864c4871796"><title lang="en">Planning controlled landfills for small and medium-sized towns</title><location lang="en">09_1796_en.html</location></activity><activity type="page" order="6" digest="4877a789352f5f1b996cf4e625a8058b1797"><title lang="en">Thermal processing methods</title><image filename="/images/1797.png"/><location lang="en">09_1797_en.html</location></activity><activity type="page" order="7" digest="5a54801b5352ca3855935902aa1397911798"><title lang="en">Types of hazardous waste</title><image filename="/images/1798.png"/><location lang="en">09_1798_en.html</location></activity><activity type="page" order="8" digest="898fba5503970257a7220b352b8f737e1799"><title lang="en">Management of hazardous waste</title><location lang="en">09_1799_en.html</location></activity><activity type="page" order="9" digest="9c88bca5a3b4050616015d32e64575f41800"><title lang="en">Summary of Study Session 10</title><location lang="en">09_1800_en.html</location></activity><activity type="page" order="10" digest="3d3aac0c4d74e010c5df1975a54e66fe1801"><title lang="en">Self-Assessment Questions (SAQs) for Study Session 10</title><location lang="en">09_1801_en.html</location></activity></activities></section><section order="10"><title lang="en"><![CDATA[Institutional Sanitation and Waste Management ]]></title><activities><activity type="page" order="1" digest="5832a633ce72439f7cd215f787a952ba1802"><title lang="en">Introduction </title><location lang="en">10_1802_en.html</location></activity><activity type="page" order="2" digest="365d261347b53895792f0a39c336d6251803"><title lang="en">Learning Outcomes for Study Session 12</title><location lang="en">10_1803_en.html</location></activity><activity type="page" order="3" digest="bef544134f812846562b3a8a00f471b21804"><title lang="en">Sanitation and waste management in schools</title><image filename="/images/1804.png"/><location lang="en">10_1804_en.html</location></activity><activity type="page" order="4" digest="e313995c96a52cf93768b34bb0e365121805"><title lang="en">Sanitation and waste management in health institutions</title><image filename="/images/1805.png"/><location lang="en">10_1805_en.html</location></activity><activity type="page" order="5" digest="58ed74797b108afeedbde6f65b3ac2721806"><title lang="en">Sanitation and waste management in other institutions</title><location lang="en">10_1806_en.html</location></activity><activity type="page" order="6" digest="d30154dbea6d012465a79efcab9a79b01807"><title lang="en">Planning for improvements</title><image filename="/images/1807.png"/><location lang="en">10_1807_en.html</location></activity><activity type="page" order="7" digest="e6f76341cb28c1e152f98252485149ac1808"><title lang="en">Regular inspection and monitoring of facilities</title><location lang="en">10_1808_en.html</location></activity><activity type="page" order="8" digest="499d0a172d9171ec2c3c08a5d161933f1809"><title lang="en">Summary of Study Session 12</title><location lang="en">10_1809_en.html</location></activity><activity type="page" order="9" digest="ae41274028d524bcfee2f544e54183cf1810"><title lang="en">Self-Assessment Questions (SAQs) for Study Session 12</title><location lang="en">10_1810_en.html</location></activity></activities></section><section order="11"><title lang="en"><![CDATA[Commercial Opportunities in Urban Sanitation and Waste Management ]]></title><activities><activity type="page" order="1" digest="2ce8078aa2a85a112a45aac7fdf7651a1811"><title lang="en">Introduction</title><location lang="en">11_1811_en.html</location></activity><activity type="page" order="2" digest="7532836120b8f06e4f7965163384b8351812"><title lang="en">Learning Outcomes for Study Session 13</title><location lang="en">11_1812_en.html</location></activity><activity type="page" order="3" digest="d8eba8c2e49a0e00a99fd0403f5a191e1813"><title lang="en">Opportunities for small-scale enterprise</title><image filename="/images/1813.png"/><location lang="en">11_1813_en.html</location></activity><activity type="page" order="4" digest="f5ad0771f14524760f784c3a47f47ed91814"><title lang="en">Factors affecting commercial opportunities</title><location lang="en">11_1814_en.html</location></activity><activity type="page" order="5" digest="b7273b2cc041e9eced2be695d848f3161815"><title lang="en">Sanitation marketing</title><location lang="en">11_1815_en.html</location></activity><activity type="page" order="6" digest="1e1df3eccd24bd8524e9261c216e2bca1816"><title lang="en">Strategies for sanitation marketing </title><image filename="/images/1816.png"/><location lang="en">11_1816_en.html</location></activity><activity type="page" order="7" digest="2d6cc4db2562ff4e598a88e711a035ae1817"><title lang="en">Public–private partnerships in the sanitation sector</title><location lang="en">11_1817_en.html</location></activity><activity type="page" order="8" digest="31e9c9fc46cc56935bcb51db95df9b711818"><title lang="en">Summary of Study Session 13</title><location lang="en">11_1818_en.html</location></activity><activity type="page" order="9" digest="e581f04c918bdd69601cf2bfea4ad9031819"><title lang="en">Self-Assessment Questions (SAQs) for Study Session 13</title><location lang="en">11_1819_en.html</location></activity></activities></section><section order="12"><title lang="en"><![CDATA[Emergency Sanitation and Waste Management ]]></title><activities><activity type="page" order="1" digest="d82eca547c021ddcdd064e60ef33cd771820"><title lang="en">Introduction </title><location lang="en">12_1820_en.html</location></activity><activity type="page" order="2" digest="8db98c964fc86d66e95a75858abff5a21821"><title lang="en">Learning Outcomes for Study Session 14</title><location lang="en">12_1821_en.html</location></activity><activity type="page" order="3" digest="2fcb8d6de36c1965898e23630d64077c1822"><title lang="en">Emergencies and their impacts</title><image filename="/images/1822.png"/><location lang="en">12_1822_en.html</location></activity><activity type="page" order="4" digest="0e0049a5a7a319fb8a605c61869ec9d21823"><title lang="en">Phases of an emergency and initial response</title><location lang="en">12_1823_en.html</location></activity><activity type="page" order="5" digest="b700e808ac9fd16d3db58db7943397d21824"><title lang="en">Rapid field assessment in an emergency</title><location lang="en">12_1824_en.html</location></activity><activity type="page" order="6" digest="a249d6dcd2f7bdc151c6e65c892b073b1825"><title lang="en">Standards for emergency response</title><image filename="/images/1825.png"/><location lang="en">12_1825_en.html</location></activity><activity type="page" order="7" digest="7a2e5d9894eb67dc3343a611affbdb0d1826"><title lang="en">Disposal of human bodies </title><location lang="en">12_1826_en.html</location></activity><activity type="page" order="8" digest="f93a2cab69756d7abf823614802677b91827"><title lang="en">Summary of Study Session 14</title><location lang="en">12_1827_en.html</location></activity><activity type="page" order="9" digest="1afd8ba732ec2fb09f1e3e54848ba8a11828"><title lang="en">Self-Assessment Questions (SAQs) for Study Session 14</title><location lang="en">12_1828_en.html</location></activity></activities></section><section order="13"><title lang="en"><![CDATA[Monitoring and Evaluation  ]]></title><activities><activity type="page" order="1" digest="33c02fe6976cbeddc031101d5ea495ed1829"><title lang="en">Introduction </title><location lang="en">13_1829_en.html</location></activity><activity type="page" order="2" digest="93aa8f050b87033df6e87e5f617c0bdb1830"><title lang="en">Learning Outcomes for Study Session 15</title><location lang="en">13_1830_en.html</location></activity><activity type="page" order="3" digest="9866c613004a6a20762106ff637135cb1831"><title lang="en">Introduction to monitoring and evaluation</title><image filename="/images/1831.png"/><location lang="en">13_1831_en.html</location></activity><activity type="page" order="4" digest="0743f0e6929a88e19c5434f68a8b8a651832"><title lang="en">Monitoring in practice</title><location lang="en">13_1832_en.html</location></activity><activity type="page" order="5" digest="5954627c3fe35ff4e8178715326da9e91833"><title lang="en">Indicators</title><location lang="en">13_1833_en.html</location></activity><activity type="page" order="6" digest="5b71ed8253892e198fe50153c17bdc4b1834"><title lang="en">Evaluation</title><image filename="/images/1834.png"/><location lang="en">13_1834_en.html</location></activity><activity type="page" order="7" digest="8f96cdcb1c4d443e5f3b070e785c1e811835"><title lang="en">Tools for monitoring and evaluation</title><image filename="/images/1835.png"/><location lang="en">13_1835_en.html</location></activity><activity type="page" order="8" digest="0f47dd46d406b4aea1774bbf468a37fb1836"><title lang="en">Summary of Study Session 15  </title><location lang="en">13_1836_en.html</location></activity><activity type="page" order="9" digest="c86a3c54776daba9565d44814ca0b25c1837"><title lang="en">Self-Assessment Questions (SAQs) for Study Session 15</title><location lang="en">13_1837_en.html</location></activity></activities></section><section order="14"><title lang="en"><![CDATA[Acknowledgements ]]></title><activities><activity type="page" order="1" digest="eafcdd88225c0b33e547c1b8d7f220f61838"><title lang="en">Acknowledgements</title><location lang="en">14_1838_en.html</location></activity></activities></section><section order="15"><title lang="en"><![CDATA[Glossary]]></title><activities><activity type="page" order="1" digest="e0dcaed264c9061214d095066c75517a1839"><title lang="en">0-9</title><image filename="/images/1839.png"/><location lang="en">15_1839_en.html</location></activity><activity type="page" order="2" digest="8f40d2c9a79b645d3c3e34f70068d95b1840"><title lang="en">A-B</title><image filename="/images/1840.png"/><location lang="en">15_1840_en.html</location></activity><activity type="page" order="3" digest="dfe851f19c2a0b8126e6a5fedf8e672a1841"><title lang="en">C-D</title><image filename="/images/1841.png"/><location lang="en">15_1841_en.html</location></activity><activity type="page" order="4" digest="9f61398094b47573100abd605729c5db1842"><title lang="en">E-G</title><image filename="/images/1842.png"/><location lang="en">15_1842_en.html</location></activity><activity type="page" order="5" digest="f8085d96c24fb6a69c2830188fe1e3ff1843"><title lang="en">H-I</title><image filename="/images/1843.png"/><location lang="en">15_1843_en.html</location></activity><activity type="page" order="6" digest="017d50b815fd2f5e89778dc5e62511c91844"><title lang="en">K-N</title><image filename="/images/1844.png"/><location lang="en">15_1844_en.html</location></activity><activity type="page" order="7" digest="cf350430cfece2923a6494eb63a32da41845"><title lang="en