<?xml version="1.0" encoding="utf-8"?><module>
  <meta>
    <versionid>20220524064951</versionid>
    <priority>0</priority>
    <server>https://staging.oppia-mobile.org/</server>
    <sequencing>none</sequencing>
    <tags>reference-course</tags>
    <exportversion>2022052400</exportversion>
    <title lang="en">Course with Feedback</title>
    <shortname>course-feedback</shortname>
    <description lang="en"/>
    <langs>
      <lang>en</lang>
    </langs>
  </meta>
  <structure>
    <section order="1">
      <title lang="en">Examples of different features and activities</title>
      <activities>
        <activity type="feedback" order="1" digest="8a124f2a170d8106c83d66e0d84fb4f7">
          <title lang="en">Course Feedback</title>
          <content lang="en"><![CDATA[ {"id": 4165, "title": {"en": "Course Feedback"}, "description": {"en": ""}, "props": {"courseversion": "20220524094927", "showfeedback": false, "passthreshold": 0, "maxattempts": "unlimited", "maxscore": 0, "digest": "8a124f2a170d8106c83d66e0d84fb4f7"}, "questions": [{"order": 1, "id": 43463, "question": {"id": 43670, "type": "shortanswer", "title": {"en": "certificate name"}, "props": {"maxscore": 0, "required": false, "label": "certificate name"}, "responses": []}}, {"order": 2, "id": 43464, "question": {"id": 43671, "type": "essay", "title": {"en": "alternative certficate name"}, "props": {"maxscore": 0, "required": false, "label": "alt_name"}, "responses": []}}]}]]></content>
        </activity>
      </activities>
    </section>
  </structure>
  <media>
  </media>
</module>