<?xml version="1.0" encoding="UTF-8"?>
<module>
   <meta>
      <versionid>20160704171235</versionid>
      <priority>0</priority>
      <server>http://localhost:8000/</server>
      <sequencing>none</sequencing>
      <tags />
      <title lang="en">Course with media</title>
      <shortname>course-with-media</shortname>
      <description lang="en" />
      <langs>
         <lang>en</lang>
      </langs>
   </meta>
   <structure>
      <section order="1">
         <title lang="en"><![CDATA[Test Video]]></title>
         <activities>
            <activity type="page" order="1" digest="09d133f41276858a0e449ec9f9ada77021103">
               <title lang="en">Introduction</title>
               <location lang="en">01_21103_en.html</location>
            </activity>
            <activity type="page" order="2" digest="2f4868e380557293edc50bab600b766721028">
               <title lang="en">Video test 1</title>
               <media>
                  <file filename="video-test-1.mp4" download_url="" digest="33f33dc89eac9ba776950ce440bd6269" length="4" filesize="49777" />
               </media>
               <image filename="/images/img-video-test-1.jpg" />
               <location lang="en">01_21028_en.html</location>
            </activity>
            <activity type="page" order="3" digest="02a9d53de0f337b30523fa83877bb59621047">
               <title lang="en">Video test</title>
               <media>
                  <file filename="video-test-2.mp4" download_url="" digest="7465469e5b66228117aeaf87e52b118d" filesize="37302" length="3" />
               </media>
               <image filename="/images/img-video-test-2.jpg" />
               <location lang="en">02_21047_en.html</location>
            </activity>
         </activities>
      </section>
   </structure>
   <media>
      <file filename="video-test-1.mp4" download_url="xxx" digest="111" filesize="49777" length="4" />
      <file filename="video-test-2.mp4" download_url="xxx" digest="222" filesize="37302" length="3" />
   </media>
</module>

