<?xml version="1.0" encoding="UTF-8"?>
<module><meta><versionid>20170602011642</versionid><priority>10</priority><server>http://sfh.vtrmob.com</server><sequencing>none</sequencing><tags>introduction</tags><exportversion>2017011400</exportversion><title lang="en">Gabatarwa / Introduction</title><shortname>gabatarwa-introduction</shortname><description lang="en">Wannan shi ne gabatarwar (This is the Introduction)</description><langs><lang>en</lang></langs></meta><structure><section order="1"><title lang="en"><![CDATA[Gabatarwa (Introduction)]]></title><activities><activity type="page" order="1" digest="7b2e6767c0e04ed686b0690c149b8b4b598"><title lang="en">Welcome Letter</title><location lang="en">01_598_en.html</location></activity><activity type="page" order="2" digest="be72e3bc91ee2e20bfb8137220436b35599"><title lang="en">Barka da Letter</title><location lang="en">01_599_en.html</location></activity></activities></section></structure></module>
