<?xml version="1.0" encoding="utf-8"?><module>
  <meta>
    <versionid>20210201132108</versionid>
    <priority>10</priority>
    <server>https://covid.oppia-mobile.org/</server>
    <sequencing>none</sequencing>
    <tags>COVID-19</tags>
    <exportversion>2020112600</exportversion>
    <title lang="en">About COVID-19 Ethiopia</title>
    <shortname>covidet-about</shortname>
    <description lang="en">Ethiopia COVID-19 Application for Training of Health Workers</description>
    <image filename="/images/41_1309.png"/>
    <langs>
      <lang>en</lang>
    </langs>
  <gamification><event name="quiz_first_attempt">20</event><event name="quiz_attempt">10</event><event name="quiz_first_attempt_threshold">100</event><event name="quiz_first_attempt_bonus">50</event><event name="activity_completed">10</event><event name="media_started">20</event><event name="media_playing_interval">30</event><event name="media_playing_points_per_interval">5</event><event name="media_max_points">200</event><event name="course_downloaded">50</event></gamification></meta>
  <structure>
    <section order="1">
      <title lang="en">SESSION 1: INTRODUCTION TO THE COURSE</title>
      <activities>
        <activity digest="631eb5bcfe5a1afa440faaac4e2a78d1" order="1" type="page">
          <title lang="en">Course Overview</title>
          <location lang="en">01_1158_en.html</location>
        </activity>
        <activity digest="2c04ea1136734cdff736cc7c14ab9f4d" order="2" type="page">
          <title lang="en">Course Objectives</title>
          <location lang="en">01_1159_en.html</location>
        </activity>
        <activity digest="5011d994bcd0f46d4a36cac08825a9e8" order="3" type="page">
          <title lang="en">How Does It Work?</title>
          <location lang="en">01_1160_en.html</location>
        </activity>
        <activity digest="2442e18abd93aa67e68c8a791b1ec7e6" order="4" type="page">
          <title lang="en">Course Expectations</title>
          <location lang="en">01_1161_en.html</location>
        </activity>
        <activity digest="80aa1af469738f8984ba6a81e1fb8b56" order="5" type="page">
          <title lang="en">How To Access The App?</title>
          <location lang="en">01_1341_en.html</location>
        </activity>
        <activity digest="7ca2ca65cc525c79cd7bb201d1d023ed" order="6" type="page">
          <title lang="en">Learning Methods</title>
          <location lang="en">01_1342_en.html</location>
        </activity>
        <activity digest="349e1c6ab98c050d5cb1f516b238f128" order="7" type="page">
          <title lang="en">Course Evaluation</title>
          <location lang="en">01_1343_en.html</location>
        </activity>
      </activities>
    </section>
    <section order="2">
      <title lang="en">SESSION 2: OVERVIEW OF COVID-19</title>
      <activities>
        <activity digest="31db5f76a9bad33b76e4245af39ec8c3" order="1" type="page">
          <title lang="en">Session Objectives</title>
          <location lang="en">02_1344_en.html</location>
        </activity>
        <activity digest="f78bc202d152d14490bcae57c10ee480" order="2" type="page">
          <title lang="en">Learner Focus Questions</title>
          <image filename="/images/1345.png"/>
          <location lang="en">02_1345_en.html</location>
        </activity>
        <activity digest="9ca60320b92568169dc2571c68d65ee1" order="3" type="page">
          <title lang="en">What Is Covid-19?</title>
          <image filename="/images/1346.png"/>
          <location lang="en">02_1346_en.html</location>
        </activity>
        <activity digest="f1c95bb05bf4aa5e21d7c17497f26687" order="4" type="page">
          <title lang="en">Transmission</title>
          <location lang="en">02_1347_en.html</location>
        </activity>
        <activity digest="e6e599bd30bad4ee055db9d3f3d431a8" order="5" type="page">
          <title lang="en">Clinical Features</title>
          <location lang="en">02_1348_en.html</location>
        </activity>
        <activity digest="18c3e31967c39a3730e8ce6057462169" order="6" type="page">
          <title lang="en">Laboratory Diagnosis</title>
          <location lang="en">02_1349_en.html</location>
        </activity>
        <activity digest="93a22d2fec3103a1fc7e368727b5c2e1" order="7" type="page">
          <title lang="en">Principles Of Case Management</title>
          <location lang="en">02_1350_en.html</location>
        </activity>
        <activity digest="679ba703c9b0a74318568604311c91ab" order="8" type="page">
          <title lang="en">Module Key Takeaways</title>
          <location lang="en">02_1351_en.html</location>
        </activity>
      </activities>
    </section>
  </structure>
</module>