<?xml version="1.0" encoding="utf-8"?><module>
  <meta>
    <versionid>20220524064951</versionid>
    <priority>0</priority>
    <server>https://staging.oppia-mobile.org/</server>
    <sequencing>none</sequencing>
    <tags>reference-course</tags>
    <exportversion>2022052400</exportversion>
    <title lang="en">Course with Quiz</title>
    <shortname>course-with-quiz</shortname>
    <description lang="en"/>
    <langs>
      <lang>en</lang>
    </langs>
  </meta>
  <structure>
    <section order="1">
      <title lang="en">Examples of different features and activities</title>
      <activities>
        <activity type="quiz" order="1" digest="4a9f4ca6bbec6e1142c0b8cf233a4d95">
          <title lang="en">Right/wrong answers immediately after quiz and on scorecard</title>
          <content lang="en"><![CDATA[ {"id": 4094, "title": {"en": "Right/wrong answers immediately after quiz and on scorecard"}, "description": {"en": ""}, "props": {"courseversion": "20220114104436", "showfeedback": 2, "passthreshold": 80, "maxattempts": "unlimited", "maxscore": 1, "digest": "4a9f4ca6bbec6e1142c0b8cf233a4d95"}, "questions": [{"order": 1, "id": 43161, "question": {"id": 43368, "type": "multichoice", "title": {"en": "<p>What is the capital of Wales?\n</p>"}, "props": {"maxscore": 1, "shuffleanswers": "1"}, "responses": [{"order": 1, "id": 124232, "props": {"id": 982}, "title": {"en": "<p>Swansea<br></p>"}, "score": "0.0000"}, {"order": 2, "id": 124233, "props": {"id": 41}, "title": {"en": "Glasgow"}, "score": "0.0000"}, {"order": 3, "id": 124234, "props": {"id": 941}, "title": {"en": "<p>Bangor<br></p>"}, "score": "0.0000"}, {"order": 4, "id": 124235, "props": {"id": 495}, "title": {"en": "<p>Cardiff<br></p>"}, "score": "1.0000"}]}}]}]]></content>
        </activity>
      </activities>
    </section>
  </structure>
  <media>
  </media>
</module>
