<?xml version="1.0" encoding="utf-8"?><module>
  <meta>
    <versionid>20200422152424</versionid>
    <priority>10</priority>
    <server>https://covid.oppia-mobile.org/</server>
    <sequencing>none</sequencing>
    <tags>covid-19</tags>
    <exportversion>2020040401</exportversion>
    <title lang="en">About COVID-19 Ethiopia</title>
    <shortname>covidet-about</shortname>
    <description lang="en">Mobile phone based COVID-19 Training for Health Workers - April 2020</description>
    <image filename="/images/44733.png"/>
    <langs>
      <lang>en</lang>
    </langs>
    <gamification><event name="quiz_first_attempt">20</event><event name="quiz_attempt">10</event><event name="quiz_first_attempt_threshold">100</event><event name="quiz_first_attempt_bonus">50</event><event name="activity_completed">10</event><event name="media_started">20</event><event name="media_playing_interval">30</event><event name="media_playing_points_per_interval">5</event><event name="media_max_points">200</event><event name="course_downloaded">50</event></gamification>
  </meta>
  <structure>
    <section order="1">
      <title lang="en">Overview</title>
      <activities>
        <activity digest="780bb129a367d4b5325137840373a09142574" order="1" type="page">
          <title lang="en">About COVID-19 Ethiopia - Health Worker Digital Training Platform</title>
          <image filename="/images/42574.png"/>
          <location lang="en">01_42574_en.html</location>
        </activity>
        <activity digest="3a592e8e4dfb5b6edcc8e01b34c84f9142575" order="2" type="page">
          <title lang="en">How does it work?</title>
          <location lang="en">01_42575_en.html</location>
        </activity>
        <activity digest="e33d393b444e0d42c657edf94be2947a42576" order="3" type="page">
          <title lang="en">About COVID-19</title>
          <location lang="en">01_42576_en.html</location>
        </activity>
        <activity digest="d29ae42a09746a137f5b69a4647923bd42577" order="4" type="page">
          <title lang="en">About COVID-19</title>
          <location lang="en">01_42577_en.html</location>
        </activity>
      </activities>
    </section>
  </structure>
</module>